16174144,57571700
16174144,2338824692
16174144,14093970
16174144,17797390
16174144,449588356
16174144,29193463
16174144,813286
16174144,62513246
16174144,833373624
16174144,2742636202
16174144,1305941
16174144,1489206901
16174144,32493647
16174144,1362984396
16174144,835953569668939800
16174144,807365647
16174144,706800925394997200
16174144,2167059661
16174144,1149541562
16174144,217771939
16174144,17131720
16174144,10239
16174144,15905103
16174144,28049003
16174144,18686907
16174144,2424151074
16174144,117539435
16174144,23578176
16174144,492568945
16174144,764121685905866800
16174144,350424151
16174144,24789175
16174144,252608121
16174144,788363167
16174144,214272214
16174144,16614440
16174144,1242788624
16174144,30706856
16174144,122724789
16174144,255048621
16174144,2303751216
16174144,531697681
16174144,2785720331
16174144,317422543
16174144,2924669003
16174144,2805421915
16174144,426509606
16174144,154407102
16174144,15810838
16174144,17471979
16174144,1493423918
16174144,4690350990
16174144,13982132
16174144,128292609
16174144,1415772073
16174144,353308055
16174144,77990334
16174144,8790772
16174144,190238907
16174144,1954278132
16174144,1523174335
16174144,3238448948
16174144,5699
16174144,415906140
16174144,14066472
16174144,1962699368
16174144,6802182
16174144,178649929
16174144,24411159
16174144,16191522
16174144,1450594406
16174144,373682248
16174144,62549025
16174144,1314101
16174144,226041293
16174144,2332368062
16174144,246033684
16174144,1046598080
16174144,529730279
16174144,1376401838
16174144,77712285
16174144,94596289
16174144,9541832
16174144,22642788
16174144,493266463
16174144,1307251459
16174144,1894231788
16174144,31035336
16174144,20023987
16174144,1307569508
16174144,30569817
16174144,2364445033
16174144,902498275
16174144,32372834
16174144,16674284
16174144,14839109
16174144,11348282
16174144,183575679
16174144,15649207
16174144,11990112
16174144,759249
16174144,1979287862
16174144,87223459
16174144,63859619
16174144,860158302
16174144,32729442
16174144,398500188
16174144,2584784815
16174144,14817871
16174144,49793
16174144,19968025
16174144,196877476
16174144,1617603914
16174144,60308942
16174144,316327930
16174144,153154765
16174144,316651357
16174144,52488565
16174144,863612539
16174144,43593
16174144,964635660
16174144,15174665
16174144,259771124
16174144,15496407
16174144,80750540
16174144,1406622804
16174144,166008261
16174144,192679212
16174144,360746350
16174144,2340558698
16174144,49413866
16174144,15104164
16174144,11107172
16174144,320922867
16174144,2374215589
16174144,453124512
16174144,4509741
16174144,2280718796
16174144,20963651
16174144,300735398
16174144,21218554
16174144,35773039
16174144,9207632
16174144,23962323
16174144,17354555
16174144,16629994
16174144,19939208
16174144,75641981
16174144,24669093
16174144,359772781
16174144,255617445
16174144,166304741
16174144,31936449
16174144,254300792
16174144,26000689
16174144,252531143
16174144,13725202
16174144,19188515
16174144,1689492204
16174144,18028509
16174144,1384800560
16174144,316389142
16174144,214653213
16174144,485109912
16174144,1833561
16174144,107225267
16174144,134908142
16174144,15008596
16174144,155636227
16174144,1330457336
16174144,15862891
16174144,22979111
16174144,2329921
16174144,246677519
16174144,57187580
16174144,27047369
16174144,82867773
16174144,15336340
16174144,37213193
16174144,26419626
16174144,13787402
16174144,17751344
16174144,171534539
16174144,611941887
16174144,16303106
16174144,823957466
16174144,2335431
16174144,15166546
16174144,36653441
16174144,529438517
16174144,25734277
16174144,582161546
16174144,925988665
16174144,16017475
16174144,14677919
16174144,579299426
16174144,15125585
16174144,628431113
16174144,490363356
16174144,90258002
16174144,52188980
16174144,28583197
16174144,340435374
16174144,18805477
16174144,765548
16174144,21088249
16174144,229910053
16174144,54680395
16174144,16174436
16174144,14283504
16174144,368379922
16174144,301579658
2384071,19968025
2384071,2451308594
2384071,17142046
2384071,2919151
2384071,16892481
2384071,15571577
2384071,381289719
2384071,116994659
2384071,264501255
2384071,3270678680
2384071,15446531
2384071,62513246
2384071,531697681
2384071,359772781
2384071,19843630
2384071,216939636
2384071,25073877
2384071,107225267
2384071,84653850
2384071,48008938
2384071,10778572
2384071,3475
2384071,1242788624
2384071,22197926
2384071,79923701
2384071,153045056
2384071,529140270
2384071,1059273780
2384071,422
2384071,18028509
2384071,1963312058
2384071,14066472
2384071,3452911
2384071,175624200
2384071,257153464
2384071,1894231788
2384071,3030922321
2384071,22931893
2384071,78729443
2384071,13918022
2384071,92116069
2384071,4711
2384071,15626406
2384071,16061930
2384071,5699
2384071,879521
2384071,14650130
2384071,3183721
2384071,65375759
2384071,232294292
2384071,449588356
2384071,252397899
2384071,14677919
2384071,111416652
2384071,217284148
2384071,236526490
2384071,1259043697
2384071,281877818
2384071,2467791
2384071,8043842
2384071,1339835893
2384071,247943631
2384071,255617445
2384071,21457289
2384071,970207298
2384071,252531143
2384071,571202103
2384071,8496762
2384071,18686907
2384071,4509741
2384071,35773039
2384071,44196397
2384071,24789175
2384071,15336340
2384071,150185852
2384071,13
2384071,22839233
2384071,15143478
2384071,22642788
2384071,17997789
2384071,124690469
2384071,402875257
2384071,14120215
2384071,8381682
2384071,60308942
2384071,226041293
2384071,14344469
2384071,52488565
2384071,20749410
2384071,11107172
2384071,930061
2384071,352673744
2384071,31030273
2384071,6981492
2384071,25734277
2384071,93957809
2384071,14839109
2384071,765548
2384071,15154811
2384071,17006157
2384071,16017475
2384071,18622869
2384071,50393960
2384071,2970511
2384071,9946842
2384071,28049003
2384071,84351228
2384071,54680395
2384071,10350
2384071,795649
2384071,15125585
2384071,21097230
2384071,17179368
2384071,9207632
2384071,17868090
2384071,19658936
2384071,15414807
2384071,8548612
2384071,818340
2384071,1039531
2384071,15905103
2384071,8161232
2384071,2729061
2384071,15865878
2384071,14761795
2384071,9534522
2384071,807095
2384071,11348282
2384071,17595439
2384071,11086372
2384071,14647570
2384071,11388132
2384071,691353
2384071,15101375
2384071,661403
2384071,36823
2384071,15808647
2384071,1536811
2384071,12
2384071,5388852
2384071,761975
2384071,621573
2384071,49793
2384071,14834340
2384071,74543
2384071,813286
2384071,6141832
2384071,816653
2384071,749963
2384071,633
2384071,1051171
2384071,5017
2384071,5120691
2384071,5943622
5988062,571202103
5988062,44196397
5988062,50393960
5988062,8161232
5988062,17142046
5988062,236526490
5988062,14677919
5988062,1435461
5988062,621573
5988062,8963722
5988062,11348282
5988062,15492359
5988062,21581503
5988062,14647570
5988062,17471979
5988062,15862891
5988062,2467791
5988062,15905103
5988062,12
5988062,5120691
5988062,816653
5988062,1344951
5988062,807095
4509741,444047971
4509741,52332354
4509741,605012771
4509741,157466475
4509741,57571700
4509741,243804207
4509741,15379361
4509741,18955413
4509741,37213193
4509741,16629994
4509741,4339911
4509741,817177922192736300
4509741,40007653
4509741,2329657867
4509741,2298663788
4509741,529438517
4509741,13725202
4509741,57187580
4509741,16191522
4509741,56341402
4509741,14659447
4509741,15626406
4509741,2894084200
4509741,226571318
4509741,450842550
4509741,29749354
4509741,183575679
4509741,15160540
4509741,466096296
4509741,76228303
4509741,360746350
4509741,381592902
4509741,7966972
4509741,63859619
4509741,2167059661
4509741,69133574
4509741,184543773
4509741,70478255
4509741,8043842
4509741,9286242
4509741,19968025
4509741,25864331
4509741,14650130
4509741,36653441
4509741,9541832
4509741,633238141
4509741,1615252842
4509741,2338824692
4509741,19803953
4509741,6883122
4509741,16174144
4509741,214272214
4509741,20963651
4509741,1059273780
4509741,108977933
4509741,59541594
4509741,29354944
4509741,823957466
4509741,1450594406
4509741,964635660
4509741,6334772
4509741,67217568
4509741,65375759
4509741,324508782
4509741,152143
4509741,759249
4509741,883296643
4509741,17131720
4509741,919294448
4509741,2329921
4509741,579299426
4509741,788363167
4509741,398500188
4509741,29193463
4509741,24414370
4509741,4044061
4509741,17797390
4509741,33838201
4509741,5694822
4509741,633
4509741,21457289
4509741,782325
4509741,879521
4509741,5491
4509741,6141832
4509741,8381682
4509741,18805477
4509741,26000689
3034214643,182839127
3034214643,32729442
3034214643,1676433602
3034214643,50318716
3034214643,2805421915
3034214643,706800925394997200
3034214643,5988062
3034214643,72842277
3034214643,13787402
3034214643,35773039
3034214643,1022977543
3034214643,531697681
3034214643,1546977270
3034214643,67283363
3034214643,171534539
3034214643,532074653
3034214643,3449673255
3034214643,521906763
3034214643,226041293
3034214643,1493423918
3034214643,8143682
3034214643,2230151202
3034214643,553729228
3034214643,2329921
3034214643,116297274
3034214643,3238448948
3034214643,16174436
3034214643,77990334
3034214643,13725202
3034214643,17868090
3034214643,807095
3034214643,14677919
3034214643,22272053
3034214643,11348282
3034214643,188104515
3034214643,1489206901
3034214643,350424151
3034214643,19256096
3034214643,402875257
3034214643,12819112
3034214643,15492359
3034214643,1242788624
3034214643,260685403
3034214643,621573
3034214643,79997785
3034214643,1376401838
3034214643,492568945
3034214643,17248121
3034214643,8963722
3034214643,17471979
3034214643,19402238
3034214643,17042078
3034214643,490363356
3034214643,168286576
3034214643,252608121
3034214643,768948493
3034214643,27047369
3034214643,1406622804
3034214643,788363167
3034214643,214272214
3034214643,56341402
3034214643,579299426
3034214643,90258002
3034214643,582161546
3034214643,29717083
3034214643,529438517
3034214643,2316224708
3034214643,116994659
3034214643,997629601
3034214643,107225267
3034214643,23760311
3034214643,988019876
3034214643,127305588
3034214643,19658826
3034214643,5120691
3034214643,22839233
3034214643,2901252195
3034214643,15143478
3034214643,372760774
3034214643,2326120952
3034214643,196877476
3034214643,21581503
3034214643,18089292
3034214643,46959037
3034214643,21218554
3034214643,174740894
3034214643,14647570
3034214643,380816062
3034214643,258847118
3034214643,206255645
3034214643,1448304912
3034214643,1676175931
3034214643,15154811
3034214643,32372834
3034214643,96102210
3034214643,320268880
3034214643,14085070
3034214643,19843630
3034214643,15862891
3034214643,1435461
3034214643,19767193
3034214643,412548718
3034214643,605012771
3034214643,26000689
3034214643,487833518
525785424,116994659
525785424,1339835893
525785424,217284148
525785424,3475
525785424,5943622
525785424,991745802
525785424,24789175
525785424,92116069
525785424,1059273780
525785424,788363167
525785424,67217568
525785424,529140270
525785424,1330457336
525785424,1536791610
525785424,3092760197
525785424,579299426
525785424,1536637417
525785424,405124125
525785424,768948493
525785424,997629601
525785424,160651698
525785424,14761795
525785424,352673744
525785424,168286576
525785424,521906763
525785424,26000689
525785424,90169053
525785424,29354944
782325,1415772073
782325,16047639
782325,2894084200
782325,16017475
782325,29193463
782325,69133574
782325,964635660
782325,17142046
782325,367873443
782325,93476253
782325,6981492
782325,759249
782325,1615252842
782325,1450594406
782325,152143
782325,7966972
782325,4509741
782325,919294448
782325,19188515
782325,186317110
782325,442480428
782325,381592902
782325,9286242
782325,128292609
782325,252397899
782325,8548612
782325,15446531
782325,21611239
782325,4111281
1546977270,532074653
1546977270,1704085728
1546977270,35467792
1546977270,3238448948
1546977270,194399316
1546977270,24669093
1546977270,86626845
1546977270,813286
1546977270,3088703037
1546977270,1448304912
1546977270,367089411
1546977270,11778512
1546977270,835953569668939800
1546977270,821654937851613200
1546977270,240555156
1546977270,165270515
1546977270,759249
1546977270,27403471
1546977270,1617603914
1546977270,192679212
1546977270,116297274
1546977270,2341772972
1546977270,306211107
1546977270,860158302
1546977270,50393960
1546977270,706800925394997200
1546977270,1523174335
1546977270,2901252195
1546977270,824241575706427400
1546977270,62513246
1546977270,2467791
1546977270,807095
1546977270,2451308594
1546977270,782795711989420000
1546977270,788106389243781100
1546977270,317422543
1546977270,712016577567264800
1546977270,76732293
1546977270,78834227
1546977270,764121685905866800
1546977270,1046598080
1546977270,2329921
1546977270,63859619
1546977270,2375509748
1546977270,2805421915
1546977270,700746896680161300
1546977270,1307251459
1546977270,42171991
1546977270,43593
1546977270,373682248
1546977270,833373624
1546977270,572479189
1546977270,56805505
1546977270,19767193
1546977270,316389142
1546977270,103973912
1546977270,2785720331
1546977270,233372517
1546977270,925988665
1546977270,4690350990
1546977270,3034214643
1546977270,190238907
1546977270,1954278132
1546977270,997629601
1546977270,96102210
1546977270,77990334
1546977270,16245822
1546977270,254497239
1546977270,16174144
1546977270,75641981
1546977270,17248121
1546977270,259771124
1546977270,2914186151
1546977270,315718020
1546977270,17354555
1546977270,44196397
1546977270,3729520335
1546977270,2916305152
1546977270,807365647
1546977270,2364445033
1546977270,124690469
1546977270,14093970
1546977270,367297219
1546977270,1149541562
1546977270,101824202
1546977270,29717083
1546977270,490363356
1546977270,316651357
1546977270,529730279
1546977270,258847118
1546977270,1611332490
1546977270,18247347
1546977270,16191522
1546977270,2912834655
1546977270,1435461
1546977270,16629994
1546977270,26000689
1546977270,500364862
1546977270,293983295
1546977270,214272214
1546977270,178649929
1546977270,381746423
1546977270,372689892
1546977270,94596289
1546977270,13982132
1546977270,1362984396
1546977270,155636227
1546977270,22979111
1546977270,166008261
1546977270,36653441
1546977270,1131850758
1546977270,382134761
1546977270,1962699368
1546977270,2424151074
1546977270,224896427
1546977270,15045590
1546977270,2583902516
1546977270,564089684
1546977270,254300792
1546977270,1493423918
1546977270,2374215589
1546977270,229910053
1546977270,415906140
1546977270,77712285
1546977270,149806281
1546977270,255048621
1546977270,20023987
1546977270,426509606
1546977270,1937243048
1546977270,96989025
1546977270,2459490150
1546977270,217771939
1546977270,304928205
1546977270,788363167
1546977270,30706856
1546977270,33964198
1546977270,14065835
1546977270,56341402
1546977270,90258002
1546977270,122724789
1546977270,171534539
1546977270,32372834
1546977270,1307569508
1546977270,17471979
1546977270,485109912
1546977270,382393
1546977270,579299426
1546977270,12819112
1546977270,37213193
1546977270,15862891
1546977270,260685403
1546977270,2335431
1546977270,15008596
1546977270,27047369
1546977270,15160540
1546977270,16174436
1546977270,13725202
1546977270,8143682
1546977270,32729442
1546977270,142654552
1546977270,529438517
1546977270,28543386
1546977270,8963722
1546977270,19658936
1546977270,21088249
1546977270,136325501
1546977270,23989296
1546977270,67283363
1546977270,632724692
1546977270,86640232
1546977270,20338124
1546977270,582161546
37213193,782325
37213193,521906763
37213193,1290351
37213193,25864331
37213193,101561169
37213193,93782410
37213193,56805505
37213193,12
37213193,196877476
37213193,784078
37213193,2340558698
37213193,611941887
37213193,821654937851613200
37213193,1963312058
37213193,2584784815
37213193,35467792
37213193,103973912
37213193,2293415520
37213193,79923701
37213193,2451308594
37213193,186317110
37213193,70478255
37213193,9541832
37213193,706800925394997200
37213193,217284148
37213193,281877818
37213193,817177922192736300
37213193,2332368062
37213193,74543
37213193,1075114165
37213193,17163609
37213193,18463930
37213193,15379361
37213193,15336340
37213193,824241575706427400
37213193,9946842
37213193,15865878
37213193,15101375
37213193,804071772144488400
37213193,15166546
37213193,444047971
37213193,307733133
37213193,782795711989420000
37213193,2742636202
37213193,101824202
37213193,16895951
37213193,700746896680161300
37213193,2805421915
37213193,2467791
37213193,382393
37213193,104246788
37213193,788106389243781100
37213193,24789175
37213193,15649207
37213193,157466475
37213193,764121685905866800
37213193,57187580
37213193,16047639
37213193,10778572
37213193,367873443
37213193,1259043697
37213193,32807399
37213193,16076032
37213193,970207298
37213193,16614440
37213193,3030922321
37213193,18663556
37213193,1954278132
37213193,17006157
37213193,316389142
37213193,301579658
37213193,17427564
37213193,531697681
37213193,813286
37213193,1536791610
37213193,822215679726100500
37213193,1339835893
37213193,25073877
37213193,17797390
37213193,405124125
37213193,57571700
37213193,2329657867
37213193,426509606
37213193,442480428
37213193,18686907
37213193,255048621
37213193,532074653
37213193,384238210
37213193,171534539
37213193,749963
37213193,54638897
37213193,2894084200
37213193,1406622804
37213193,372760774
37213193,919294448
37213193,3729520335
37213193,17997789
37213193,9286242
37213193,17747818
37213193,2914186151
37213193,1376401838
37213193,1891806212
37213193,1046598080
37213193,76228303
37213193,381592902
37213193,29757971
37213193,1362984396
37213193,11778512
37213193,14650130
37213193,79997785
37213193,93476253
37213193,490363356
37213193,80750540
37213193,2195241
37213193,149806281
37213193,20963651
37213193,6334772
37213193,14839109
37213193,14093970
37213193,14344469
37213193,13731562
37213193,326405840
37213193,54751981
37213193,14634731
37213193,14817871
37213193,2919151
37213193,2326120952
37213193,355774354
37213193,111416652
37213193,4044061
37213193,370696063
37213193,605012771
37213193,759249
37213193,7966972
37213193,59728556
37213193,2298663788
37213193,353308055
37213193,17354555
37213193,16330659
37213193,29193463
37213193,216939636
37213193,206255645
37213193,258847118
37213193,2741029178
37213193,373682248
37213193,77764733
37213193,315382048
37213193,240555156
37213193,529140270
37213193,146105775
37213193,28049003
37213193,1617603914
37213193,214653213
37213193,765548
37213193,229910053
37213193,30569817
37213193,59518694
37213193,63859619
37213193,21457289
37213193,1493423918
37213193,32493647
37213193,2459490150
37213193,165270515
37213193,52332354
37213193,833373624
37213193,2424151074
37213193,2338824692
37213193,863612539
37213193,108977933
37213193,117539435
37213193,20280065
37213193,184543773
37213193,1536811
37213193,43105334
37213193,236526490
37213193,109303284
37213193,17595439
37213193,86640232
37213193,153045056
37213193,30706856
37213193,160651698
37213193,39108132
37213193,807095
37213193,35773039
37213193,13205612
37213193,525785424
37213193,14761795
37213193,2303751216
37213193,15808647
37213193,86626845
37213193,11107172
37213193,49793
37213193,352673744
37213193,264501255
37213193,553729228
37213193,13725202
37213193,134908142
37213193,1384800560
37213193,22979111
37213193,17179368
37213193,282778510
37213193,1131850758
37213193,21713505
37213193,178649929
37213193,39281968
37213193,42171991
37213193,152862026
37213193,997629601
37213193,14677919
37213193,107225267
37213193,3183721
37213193,18622869
37213193,15446531
37213193,8496762
37213193,9964362
37213193,216098950
37213193,92116069
37213193,103989154
37213193,21097230
37213193,1894231788
37213193,146175976
37213193,60308942
37213193,1022977543
37213193,1546977270
37213193,15862891
37213193,1585948734
37213193,57140128
37213193,473315786
37213193,252608121
37213193,1937243048
37213193,19968025
37213193,94596289
37213193,6802182
37213193,547871798
37213193,90258002
37213193,36653441
37213193,84653850
37213193,8963722
37213193,14647570
37213193,487833518
37213193,32372834
37213193,15008596
37213193,16245822
37213193,823957466
37213193,13
37213193,902498275
37213193,16191522
37213193,22642788
37213193,16174144
37213193,15463062
37213193,33838201
37213193,116297274
37213193,43652382
37213193,10587552
37213193,529438517
37213193,50393960
37213193,17131720
37213193,49976458
37213193,77712285
37213193,217771939
37213193,153154765
37213193,691353
37213193,1051171
37213193,95978500
37213193,1126671
37213193,991745802
37213193,2335431
37213193,304928205
37213193,661403
37213193,11086372
37213193,16129526
37213193,1435461
37213193,816653
37213193,252531143
37213193,1344951
37213193,9534522
37213193,93957809
37213193,17268874
37213193,14706139
37213193,116630713
37213193,11990112
37213193,4509741
37213193,8381682
37213193,26419626
37213193,582161546
37213193,8143682
37213193,415906140
37213193,5274241
37213193,33786195
37213193,587999163
37213193,84351228
37213193,8790772
37213193,5491
37213193,788363167
37213193,16303106
37213193,59268383
37213193,250831420
37213193,18805477
37213193,579299426
37213193,110050273
37213193,145029005
37213193,16174436
37213193,166304741
37213193,166008261
37213193,214272214
37213193,19202628
37213193,1833561
37213193,64219646
37213193,1314101
37213193,65375759
37213193,11388132
37213193,6141832
37213193,5988062
37213193,14659447
37213193,1039531
37213193,16017475
37213193,75641981
37213193,63511763
37213193,56341402
37213193,48934428
37213193,633
37213193,26000689
37213193,15103075
37213193,14131652
37213193,41841330
37213193,2329921
37213193,26601529
37213193,152143
37213193,16910050
37213193,23989296
37213193,27047369
37213193,18341734
37213193,33964198
37213193,3013951
37213193,16147557
37213193,21401602
37213193,16629994
37213193,30280962
37213193,15160540
37213193,29749354
37213193,24411159
37213193,29354944
37213193,15659409
37213193,19658936
582161546,1979287862
582161546,2584784815
582161546,1689492204
582161546,13731562
582161546,154407102
582161546,1523174335
582161546,821654937851613200
582161546,706800925394997200
582161546,103973912
582161546,77764733
582161546,44196397
582161546,101561169
582161546,807365647
582161546,1169143062
582161546,15045590
582161546,153154765
582161546,2298663788
582161546,1126671
582161546,835953569668939800
582161546,824241575706427400
582161546,183575679
582161546,532074653
582161546,2912834655
582161546,1046598080
582161546,782795711989420000
582161546,373682248
582161546,2364445033
582161546,316651357
582161546,870204174
582161546,764121685905866800
582161546,29735775
582161546,450842550
582161546,11990112
582161546,700746896680161300
582161546,155636227
582161546,3238448948
582161546,26419626
582161546,712016577567264800
582161546,2924669003
582161546,301579658
582161546,453124512
582161546,2785720331
582161546,59728556
582161546,2901252195
582161546,1022977543
582161546,3729520335
582161546,2876139185
582161546,1406622804
582161546,3449673255
582161546,206255645
582161546,1376401838
582161546,116297274
582161546,14065835
582161546,3030922321
582161546,2424151074
582161546,3088703037
582161546,372760774
582161546,3034214643
582161546,2326120952
582161546,2316224708
582161546,240555156
582161546,368379922
582161546,340435374
582161546,224896427
582161546,2375509748
582161546,529730279
582161546,2332368062
582161546,2805421915
582161546,16330659
582161546,1362984396
582161546,1131850758
582161546,2583902516
582161546,2341772972
582161546,1617603914
582161546,1891806212
582161546,1493423918
582161546,258847118
582161546,2293415520
582161546,43105334
582161546,56805505
582161546,52188980
582161546,2280718796
582161546,16017475
582161546,2303751216
582161546,75641981
582161546,217771939
582161546,29354944
582161546,1149541562
582161546,317422543
582161546,2338824692
582161546,39281968
582161546,107225267
582161546,15125585
582161546,22979111
582161546,43652382
582161546,1314101
582161546,24669093
582161546,65375759
582161546,492568945
582161546,306211107
582161546,15659409
582161546,402875257
582161546,13918022
582161546,35467792
582161546,572479189
582161546,823957466
582161546,372689892
582161546,1954278132
582161546,1962699368
582161546,902498275
582161546,1937243048
582161546,1704085728
582161546,1611332490
582161546,16191522
582161546,15103075
582161546,49976458
582161546,485109912
582161546,90258002
582161546,57571700
582161546,833373624
582161546,16629994
582161546,17427564
582161546,380816062
582161546,14174897
582161546,18463930
582161546,22642788
582161546,17248121
582161546,1546977270
582161546,350424151
582161546,14131652
582161546,4339911
582161546,20338124
582161546,86640232
582161546,21713505
582161546,632724692
582161546,22197926
582161546,8790772
582161546,67283363
582161546,23989296
582161546,13205612
582161546,16895951
582161546,136325501
582161546,21088249
582161546,77990334
582161546,255048621
582161546,101824202
582161546,19767193
582161546,19658936
582161546,8963722
582161546,146105775
582161546,128292609
582161546,16174144
582161546,28543386
582161546,82867773
582161546,216098950
582161546,813286
582161546,367297219
582161546,194399316
582161546,381746423
582161546,15808647
582161546,4509741
582161546,174740894
582161546,15463062
582161546,382134761
582161546,182839127
582161546,353308055
582161546,5120691
582161546,529438517
582161546,27403471
582161546,20023987
582161546,142654552
582161546,32807399
582161546,252608121
582161546,564089684
582161546,320922867
582161546,254497239
582161546,14093970
582161546,166304741
582161546,500364862
582161546,17354555
582161546,32729442
582161546,95978500
582161546,1435461
582161546,8143682
582161546,134908142
582161546,19256096
582161546,30706856
582161546,32372834
582161546,246677519
582161546,13725202
582161546,16174436
582161546,15160540
582161546,27047369
582161546,788363167
582161546,96989025
582161546,15008596
582161546,178649929
582161546,2335431
582161546,122724789
582161546,260685403
582161546,15862891
582161546,37213193
582161546,42171991
582161546,229910053
582161546,250831420
582161546,77712285
582161546,26000689
582161546,12819112
582161546,166008261
582161546,304928205
582161546,171534539
582161546,579299426
582161546,426509606
582161546,56341402
582161546,214272214
582161546,2329921
582161546,149806281
582161546,382393
582161546,415906140
24411159,17131720
24411159,824241575706427400
24411159,817177922192736300
24411159,804071772144488400
24411159,1450594406
24411159,700746896680161300
24411159,24789175
24411159,246677519
24411159,360746350
24411159,6802182
24411159,19803953
24411159,307733133
24411159,293983295
24411159,103989154
24411159,3729520335
24411159,1963312058
24411159,52332354
24411159,76228303
24411159,1493423918
24411159,661403
24411159,23989296
24411159,1585948734
24411159,437479436
24411159,250831420
24411159,16977293
24411159,2230151202
24411159,553729228
24411159,2741029178
24411159,2375509748
24411159,1894231788
24411159,64219646
24411159,355774354
24411159,24414370
24411159,919294448
24411159,4111281
24411159,2298663788
24411159,1536811
24411159,1617603914
24411159,1051171
24411159,2232849258
24411159,19819769
24411159,48934428
24411159,976620343
24411159,1322412710
24411159,21401602
24411159,475638518
24411159,17179368
24411159,31030273
24411159,883296643
24411159,240555156
24411159,415906140
24411159,14660532
24411159,788363167
24411159,30280962
24411159,93782410
24411159,216098950
24411159,54638897
24411159,466096296
24411159,104246788
24411159,24811237
24411159,3183721
24411159,19968025
24411159,57140128
24411159,20338124
24411159,4509741
24411159,315382048
24411159,93476253
24411159,20280065
24411159,214272214
24411159,16629994
24411159,1314101
24411159,145029005
24411159,136658155
24411159,5415182
24411159,15649207
24411159,9286242
24411159,9271782
24411159,166304741
24411159,153045056
24411159,16184875
24411159,10204352
24411159,80750540
24411159,18341734
24411159,14650130
24411159,59268383
24411159,63511763
24411159,16807355
24411159,92116069
24411159,80730160
24411159,17268874
24411159,26601529
24411159,39108132
24411159,1290351
24411159,95978500
24411159,41841330
24411159,15103075
24411159,75641981
24411159,80375104
24411159,33786195
24411159,16910050
24411159,570503
24411159,70478255
24411159,1039531
24411159,49976458
24411159,14131652
24411159,19188700
24411159,5274241
24411159,755373
24411159,37213193
24411159,2329921
24411159,8960202
24411159,16644070
24411159,15160540
24411159,5491
24411159,26000689
24411159,16147557
24411159,15463062
24411159,6141832
24411159,16129526
24411159,14659447
24411159,152143
24411159,5388852
24411159,633
24411159,3094891
24411159,12565032
24411159,19920203
24411159,9964362
32729442,2338824692
32729442,31936449
32729442,243804207
32729442,368379922
32729442,1689492204
32729442,19819769
32729442,813286
32729442,822215679726100500
32729442,52188980
32729442,804071772144488400
32729442,2332368062
32729442,14131652
32729442,63511763
32729442,90169053
32729442,525785424
32729442,149806281
32729442,426509606
32729442,632724692
32729442,352673744
32729442,29717083
32729442,382393
32729442,764121685905866800
32729442,25073877
32729442,2924669003
32729442,2912834655
32729442,1536791610
32729442,5988062
32729442,3034214643
32729442,1376401838
32729442,1406622804
32729442,165270515
32729442,23578176
32729442,925988665
32729442,324508782
32729442,521906763
32729442,2916305152
32729442,3449673255
32729442,52488565
32729442,415906140
32729442,254497239
32729442,2876139185
32729442,3088703037
32729442,2364445033
32729442,2384071
32729442,3238448948
32729442,15414807
32729442,233372517
32729442,216939636
32729442,449588356
32729442,988019876
32729442,266257331
32729442,124690469
32729442,572479189
32729442,2316224708
32729442,2329921
32729442,1493423918
32729442,258847118
32729442,15160540
32729442,2583902516
32729442,1676433602
32729442,1962699368
32729442,380816062
32729442,1169143062
32729442,117539435
32729442,162686169
32729442,553729228
32729442,37213193
32729442,316327930
32729442,16017475
32729442,1448304912
32729442,1891806212
32729442,19402238
32729442,490363356
32729442,320922867
32729442,2424151074
32729442,1489206901
32729442,317422543
32729442,2303751216
32729442,11778512
32729442,77712285
32729442,62531754
32729442,69133574
32729442,152862026
32729442,15496407
32729442,15571577
32729442,768948493
32729442,96102210
32729442,24669093
32729442,1322412710
32729442,2232849258
32729442,43652382
32729442,18247347
32729442,65375759
32729442,22839233
32729442,17595439
32729442,7622782
32729442,16076032
32729442,136325501
32729442,16174436
32729442,1676175931
32729442,214653213
32729442,863612539
32729442,1242788624
32729442,14283504
32729442,27047369
32729442,1536637417
32729442,1546977270
32729442,532074653
32729442,59518694
32729442,168286576
32729442,252531143
32729442,1307569508
32729442,475638518
32729442,22931893
32729442,1307251459
32729442,5694822
32729442,217771939
32729442,59541594
32729442,257153464
32729442,171534539
32729442,44196397
32729442,605012771
32729442,14093970
32729442,293983295
32729442,807365647
32729442,582161546
32729442,367873443
32729442,255048621
32729442,178649929
32729442,90258002
32729442,17354555
32729442,16674284
32729442,57571700
32729442,19202628
32729442,20023987
32729442,166008261
32729442,453124512
32729442,353308055
32729442,14817871
32729442,8790772
32729442,28049003
32729442,252608121
32729442,16629994
32729442,127305588
32729442,8143682
32729442,788363167
32729442,17248121
32729442,49413866
32729442,300735398
32729442,142654552
32729442,359772781
32729442,633238141
32729442,14839109
32729442,5388852
32729442,175624200
32729442,16174144
32729442,21713505
32729442,2335431
32729442,16191522
32729442,13725202
32729442,17471979
32729442,16895951
32729442,188104515
32729442,76732293
32729442,77990334
32729442,579299426
32729442,50318716
32729442,82867773
32729442,15008596
32729442,10587552
32729442,10239
32729442,214272214
32729442,412548718
32729442,122724789
32729442,529438517
32729442,95978500
32729442,80730160
32729442,18463930
32729442,11990112
32729442,340435374
32729442,56341402
32729442,19188700
32729442,487833518
32729442,493266463
32729442,492568945
32729442,30706856
32729442,42171991
32729442,25734277
32729442,19843630
32729442,104070525
32729442,246677519
32729442,2919151
32729442,661403
32729442,246033684
32729442,15865878
32729442,13787402
32729442,128292609
32729442,1344951
32729442,21581503
32729442,367297219
32729442,11107172
32729442,46959037
32729442,224896427
32729442,373682248
32729442,194399316
32729442,229910053
32729442,19939208
32729442,315718020
32729442,31035336
32729442,174740894
32729442,1833561
32729442,17042078
32729442,18089292
32729442,23760311
32729442,21218554
32729442,320268880
32729442,26000689
32729442,22272053
32729442,9534522
32729442,19256096
32729442,12819112
32729442,16303106
32729442,32372834
32729442,15808647
32729442,28583197
32729442,18955413
32729442,196877476
32729442,192679212
32729442,62549025
32729442,19767193
32729442,15104164
32729442,21611239
32729442,15125585
32729442,15154811
32729442,23962323
32729442,14647570
32729442,135316691
32729442,15143478
32729442,15492359
32729442,19658826
32729442,14085070
32729442,15862891
32729442,8963722
32729442,1435461
32729442,621573
15160540,426509606
15160540,226571318
15160540,4044061
15160540,14817871
15160540,700746896680161300
15160540,1546977270
15160540,12014302
15160540,817177922192736300
15160540,788106389243781100
15160540,190238907
15160540,2424151074
15160540,17747818
15160540,3729520335
15160540,16614440
15160540,19803953
15160540,4509741
15160540,103989154
15160540,57571700
15160540,976620343
15160540,2741029178
15160540,547871798
15160540,16330659
15160540,307733133
15160540,29749354
15160540,1131850758
15160540,32729442
15160540,264501255
15160540,17163609
15160540,2742636202
15160540,16061930
15160540,14839109
15160540,10716662
15160540,146175976
15160540,14174897
15160540,437479436
15160540,33786195
15160540,571202103
15160540,582161546
15160540,7966972
15160540,1384800560
15160540,19968025
15160540,166304741
15160540,216098950
15160540,92116069
15160540,7622782
15160540,27047369
15160540,415906140
15160540,1833561
15160540,765548
15160540,16174436
15160540,122724789
15160540,579299426
15160540,117539435
15160540,240555156
15160540,14660532
15160540,33964198
15160540,564089684
15160540,553729228
15160540,76732293
15160540,136658155
15160540,870204174
15160540,315382048
15160540,40007653
15160540,919294448
15160540,63859619
15160540,833373624
15160540,29354944
15160540,70478255
15160540,788363167
15160540,19202628
15160540,3183721
15160540,178649929
15160540,755373
15160540,39108132
15160540,17427564
15160540,59268383
15160540,12551552
15160540,18341734
15160540,8143682
15160540,104246788
15160540,21457289
15160540,32807399
15160540,166008261
15160540,1314101
15160540,19188700
15160540,214272214
15160540,56341402
15160540,26000689
15160540,14650130
15160540,20963651
15160540,14131652
15160540,9286242
15160540,250831420
15160540,15649207
15160540,43652382
15160540,48934428
15160540,14065835
15160540,93782410
15160540,93476253
15160540,17268874
15160540,10587552
15160540,14706139
15160540,16184875
15160540,63511763
15160540,2729061
15160540,16129526
15160540,3094891
15160540,12565032
15160540,80730160
15160540,691353
15160540,784078
15160540,8960202
15160540,19819769
15160540,11388132
15160540,10204352
15160540,5274241
15160540,1051171
15160540,16629994
15160540,5415182
15160540,2329921
15160540,16644070
15160540,16910050
15160540,78834227
15160540,80375104
15160540,75641981
15160540,15103075
15160540,65375759
15160540,116297274
15160540,9271782
15160540,80750540
15160540,41841330
15160540,19920203
15160540,1039531
15160540,84351228
15160540,382393
15160540,15045590
15160540,1290351
15160540,9964362
15160540,570503
15160540,17595439
15160540,5388852
15160540,26601529
15160540,24811237
15160540,24411159
15160540,11086372
15160540,15659409
15160540,37213193
15160540,16147557
15160540,30280962
15160540,633
15160540,15336340
15160540,2384071
15160540,152143
15160540,13725202
15160540,8381682
15160540,6141832
15160540,14659447
15160540,5491
5491,14839109
5491,79923701
5491,16629994
5491,23578176
5491,1039531
5491,10350
5491,108977933
5491,1536791610
5491,822215679726100500
5491,5943622
5491,17997789
5491,15421904
5491,14120215
5491,247943631
5491,29749354
5491,6334772
5491,823957466
5491,930061
5491,795649
5491,9541832
5491,62531754
5491,10716662
5491,56341402
5491,152143
5491,15379361
5491,661403
5491,12014302
5491,14834340
5491,2195241
5491,20963651
5491,870204174
5491,214272214
5491,579299426
5491,10587552
5491,5388852
5491,398500188
5491,12
5491,2384071
5491,18341734
5491,36653441
5491,95978500
5491,8143682
5491,16129526
5491,10204352
5491,17797390
5491,14659447
5491,18463930
5491,422
5491,13982132
5491,2970511
5491,765548
5491,1290351
5491,19819769
5491,15463062
5491,19920203
5491,3452911
5491,15166546
5491,22197926
5491,21457289
5491,5274241
5491,80730160
5491,9964362
5491,18805477
5491,15414807
5491,20749410
5491,16807355
5491,8960202
5491,24811237
5491,16184875
5491,80375104
5491,43652382
5491,4509741
5491,9271782
5491,3094891
5491,17131720
5491,6883122
5491,26000689
5491,150185852
5491,759249
5491,136658155
5491,17427564
5491,70478255
5491,19202628
5491,3475
5491,2329921
5491,3013951
5491,15160540
5491,879521
5491,16644070
5491,16147557
5491,16061930
5491,1314101
5491,6141832
5491,4711
5491,1305941
5491,570503
5491,784078
5491,5017
5491,5699
5491,761975
5491,36823
490363356,15862891
490363356,206255645
490363356,19402238
490363356,258847118
490363356,32372834
490363356,487833518
490363356,700746896680161300
490363356,2280718796
490363356,2805421915
490363356,788363167
29354944,3092760197
29354944,529140270
29354944,14634731
29354944,372760774
29354944,1075114165
29354944,56341402
29354944,582161546
29354944,157466475
29354944,116630713
29354944,587999163
29354944,29757971
29354944,473315786
29354944,109303284
29354944,788363167
29354944,326405840
29354944,370696063
29354944,21097230
29354944,521906763
29354944,525785424
29354944,110050273
29354944,282778510
29354944,7622782
29354944,184543773
29354944,59541594
29354944,9541832
29354944,15174665
29354944,145029005
29354944,65375759
29354944,16174436
29354944,20963651
29354944,15463062
29354944,1126671
29354944,15810838
29354944,14174897
29354944,84653850
29354944,14706139
29354944,33786195
29354944,77810367
29354944,67217568
29354944,2919151
29354944,69133574
29354944,63511763
29354944,39281968
29354944,6883122
29354944,818340
29354944,54751981
29354944,18663556
8143682,822215679726100500
8143682,25073877
8143682,14065835
8143682,1493423918
8143682,37213193
8143682,17354555
8143682,36653441
8143682,20963651
8143682,17163609
8143682,1891806212
8143682,450842550
8143682,3034214643
8143682,788363167
8143682,27403471
8143682,2335431
8143682,16174436
8143682,229910053
8143682,48008938
8143682,216939636
8143682,582161546
8143682,1704085728
8143682,405124125
8143682,264501255
8143682,529438517
8143682,17131720
8143682,398500188
8143682,43652382
8143682,628431113
8143682,247943631
8143682,17006157
8143682,579299426
8143682,19819769
8143682,18805477
8143682,10587552
8143682,26601529
8143682,5274241
8143682,765548
8143682,56341402
8143682,14659447
8143682,14839109
8143682,15160540
8143682,16061930
8143682,78729443
8143682,1536811
8143682,12551552
8143682,214272214
8143682,1314101
8143682,26000689
8143682,103989154
8143682,17427564
8143682,21457289
8143682,5988062
8143682,5491
8143682,9271782
8143682,3013951
8143682,33838201
8143682,17751344
8143682,2329921
214272214,788363167
214272214,77764733
214272214,16892481
214272214,5694822
214272214,487833518
214272214,807365647
214272214,19402238
214272214,14761795
214272214,12014302
214272214,706800925394997200
214272214,50393960
214272214,700746896680161300
214272214,254497239
214272214,214653213
214272214,3729520335
214272214,2364445033
214272214,788106389243781100
214272214,384238210
214272214,160651698
214272214,2167059661
214272214,749963
214272214,10778572
214272214,970207298
214272214,3270678680
214272214,712016577567264800
214272214,14066472
214272214,63859619
214272214,49976458
214272214,101561169
214272214,16330659
214272214,2916305152
214272214,39108132
214272214,57140128
214272214,104246788
214272214,355774354
214272214,2805421915
214272214,3034214643
214272214,18247347
214272214,20023987
214272214,500364862
214272214,632724692
214272214,1546977270
214272214,22979111
214272214,2459490150
214272214,1330457336
214272214,1339835893
214272214,108977933
214272214,1493423918
214272214,2914186151
214272214,87223459
214272214,16977293
214272214,59728556
214272214,870204174
214272214,1322412710
214272214,2232849258
214272214,77712285
214272214,1376401838
214272214,10716662
214272214,422
214272214,19939208
214272214,246033684
214272214,485109912
214272214,111416652
214272214,243804207
214272214,16047639
214272214,21097230
214272214,11348282
214272214,2338824692
214272214,29735775
214272214,9946842
214272214,4711
214272214,8043842
214272214,93957809
214272214,449588356
214272214,25864331
214272214,18955413
214272214,15571577
214272214,8161232
214272214,13
214272214,10350
214272214,16076032
214272214,64219646
214272214,324508782
214272214,49413866
214272214,232294292
214272214,306211107
214272214,304928205
214272214,59518694
214272214,116630713
214272214,282778510
214272214,326405840
214272214,54751981
214272214,444047971
214272214,14634731
214272214,587999163
214272214,370696063
214272214,109303284
214272214,110050273
214272214,473315786
214272214,1617603914
214272214,2341772972
214272214,86626845
214272214,1937243048
214272214,1962699368
214272214,426509606
214272214,149806281
214272214,490363356
214272214,381746423
214272214,2374215589
214272214,553729228
214272214,818340
214272214,104070525
214272214,15174665
214272214,21713505
214272214,1075114165
214272214,883296643
214272214,150185852
214272214,1585948734
214272214,988019876
214272214,611941887
214272214,1615252842
214272214,1450594406
214272214,226571318
214272214,20749410
214272214,175624200
214272214,2340558698
214272214,2230151202
214272214,13725202
214272214,398500188
214272214,2303751216
214272214,2329657867
214272214,15166546
214272214,62531754
214272214,5943622
214272214,1704085728
214272214,17868090
214272214,4339911
214272214,372689892
214272214,350424151
214272214,13918022
214272214,964635660
214272214,24414370
214272214,146175976
214272214,1536637417
214272214,628431113
214272214,62549025
214272214,755373
214272214,1611332490
214272214,162686169
214272214,13731562
214272214,59541594
214272214,5017
214272214,17042078
214272214,930061
214272214,72842277
214272214,30569817
214272214,155636227
214272214,572479189
214272214,124690469
214272214,44196397
214272214,18622869
214272214,8496762
214272214,525785424
214272214,17747818
214272214,257153464
214272214,165270515
214272214,93782410
214272214,107225267
214272214,31030273
214272214,5415182
214272214,186317110
214272214,782325
214272214,475638518
214272214,437479436
214272214,9286242
214272214,381289719
214272214,216939636
214272214,56805505
214272214,254300792
214272214,23760311
214272214,182839127
214272214,768948493
214272214,14660532
214272214,78834227
214272214,9534522
214272214,15101375
214272214,3452911
214272214,17179368
214272214,16807355
214272214,13205612
214272214,15463062
214272214,22197926
214272214,20280065
214272214,14174897
214272214,5388852
214272214,36823
214272214,18028509
214272214,10239
214272214,14344469
214272214,29757971
214272214,57187580
214272214,1259043697
214272214,795649
214272214,69133574
214272214,6981492
214272214,301579658
214272214,247943631
214272214,43593
214272214,52332354
214272214,74543
214272214,784078
214272214,2970511
214272214,252397899
214272214,991745802
214272214,48008938
214272214,266257331
214272214,367089411
214272214,18663556
214272214,761975
214272214,19968025
214272214,264501255
214272214,77810367
214272214,39281968
214272214,19188515
214272214,12565032
214272214,381592902
214272214,442480428
214272214,94596289
214272214,1415772073
214272214,12551552
214272214,382134761
214272214,78729443
214272214,17163609
214272214,15421904
214272214,4111281
214272214,4044061
214272214,54680395
214272214,252531143
214272214,16174144
214272214,281877818
214272214,1059273780
214272214,1384800560
214272214,28049003
214272214,135316691
214272214,1307569508
214272214,547871798
214272214,16674284
214272214,12819112
214272214,2729061
214272214,40007653
214272214,807095
214272214,217771939
214272214,352673744
214272214,21401602
214272214,605012771
214272214,976620343
214272214,16614440
214272214,54638897
214272214,466096296
214272214,17751344
214272214,415906140
214272214,216098950
579299426,293983295
579299426,2901252195
579299426,87223459
579299426,320268880
579299426,1149541562
579299426,2338824692
579299426,92116069
579299426,412548718
579299426,14283504
579299426,3092760197
579299426,31936449
579299426,1676433602
579299426,807365647
579299426,529730279
579299426,788106389243781100
579299426,122724789
579299426,146105775
579299426,3270678680
579299426,29735775
579299426,50318716
579299426,500364862
579299426,384238210
579299426,2332368062
579299426,632724692
579299426,266257331
579299426,3030922321
579299426,382134761
579299426,426509606
579299426,1546977270
579299426,17997789
579299426,317422543
579299426,925988665
579299426,4690350990
579299426,154407102
579299426,367089411
579299426,3449673255
579299426,233372517
579299426,487833518
579299426,15862891
579299426,2303751216
579299426,2876139185
579299426,1962699368
579299426,11778512
579299426,2293415520
579299426,1676175931
579299426,196877476
579299426,1979287862
579299426,43593
579299426,16977293
579299426,9964362
579299426,493266463
579299426,1169143062
579299426,217771939
579299426,28049003
579299426,997629601
579299426,2424151074
579299426,2316224708
579299426,31035336
579299426,20023987
579299426,315718020
579299426,13725202
579299426,1611332490
579299426,30706856
579299426,43105334
579299426,155636227
579299426,252608121
579299426,485109912
579299426,765548
579299426,188104515
579299426,57187580
579299426,368379922
579299426,15421904
579299426,232294292
579299426,194399316
579299426,367297219
579299426,17042078
579299426,246677519
579299426,104070525
579299426,301579658
579299426,605012771
579299426,90169053
579299426,152862026
579299426,18805477
579299426,405124125
579299426,16629994
579299426,16174144
579299426,14093970
579299426,582161546
579299426,15104164
579299426,8548612
579299426,381289719
579299426,860158302
579299426,1536811
579299426,17131720
579299426,82867773
579299426,24669093
579299426,96989025
579299426,259771124
579299426,32372834
579299426,300735398
579299426,525785424
579299426,316327930
579299426,226041293
579299426,16174436
579299426,23962323
579299426,15626406
579299426,23760311
579299426,67283363
579299426,16245822
579299426,28543386
579299426,116994659
579299426,8963722
579299426,14647570
579299426,182839127
579299426,162686169
579299426,19843630
579299426,77712285
579299426,353308055
579299426,21611239
579299426,788363167
579299426,27047369
579299426,5388852
579299426,8496762
579299426,661403
579299426,16892481
579299426,36653441
579299426,166008261
579299426,14839109
579299426,6883122
579299426,72842277
579299426,449588356
579299426,398500188
579299426,9534522
579299426,19402238
579299426,67217568
579299426,15414807
579299426,29354944
579299426,24411159
579299426,2195241
579299426,46959037
579299426,79997785
579299426,22931893
579299426,77810367
579299426,14817871
579299426,127305588
579299426,18089292
579299426,63511763
579299426,20338124
579299426,214272214
579299426,56341402
579299426,19658826
579299426,14834340
579299426,1435461
579299426,37213193
579299426,32729442
579299426,184543773
579299426,8143682
579299426,2384071
579299426,2329921
579299426,17248121
579299426,9207632
579299426,32493647
579299426,14120215
579299426,19767193
579299426,15496407
579299426,17797390
579299426,59541594
579299426,229910053
579299426,633238141
579299426,529438517
579299426,255617445
579299426,174740894
579299426,128292609
579299426,415906140
579299426,14761795
579299426,14085070
579299426,22272053
579299426,90258002
579299426,1305941
579299426,52488565
579299426,107225267
579299426,25734277
579299426,13787402
579299426,15492359
579299426,135316691
579299426,15810838
579299426,26000689
579299426,1833561
579299426,28583197